{
  "$schema": "./node_modules/@angular/service-worker/config/schema.json",
  "index": "/index.html",
  "assetGroups": [
    {
      "name": "app",
      "installMode": "prefetch",
      "resources": {
        "files": [
          "/favicon.ico",
          "/index.html",
          "/*.css",
          "/*.js"
        ],
        "urls": [
          "https://fonts.googleapis.com/css?family=Roboto"
        ]
      }
    }, {
      "name": "assets",
      "installMode": "lazy",
      "updateMode": "prefetch",
      "resources": {
        "files": [
          "/assets/**",
          "/*.(eot|svg|cur|jpg|png|webp|gif|otf|ttf|woff|woff2|ani)"
        ]
      }
    }
  ],
  "dataGroups": [
    {
      "name": "firebase-posts",
      "urls": [
        "https://angular-blog-e513b.firebaseio.com/**"
      ],
      "cacheConfig": {
        "maxSize": 5,
        "maxAge": "3600"
      }
    }
  ]
}
